id,name,primary_category,categories,free_food,free_wifi,has_charging,charging,address,city,state,lat,lng,population,hours,phone,id_required,walk_in,notes,verify,source_titles,source_urls,source_as_of
sh01,Bread of Life Mission,shelter,shelter;mail,False,False,False,,97 S Main St,Seattle,WA,47.599985,-122.334304,Men 18+,24 hours daily,206-682-3579 x100,yes,,ID required; also mail address and storage,,"Crisis Connections – Seattle/King County Emergency Shelters, Q2 2026",https://crisisconnections.org/wp-content/uploads/2026/04/ESB-Seattle-King-County-Emergency-Shelters-_Q2_2026_DESKTOP-PRINT.pdf,2026-04
sh22,Compass Blaine Veterans Center Enhanced Shelter,shelter,shelter,False,False,False,,Downtown Seattle – call for address,Seattle,WA,,,Veterans,24/7 on-site support,206-474-1000,,,Downtown Seattle; street address not confirmed on current page (older directories list 154 Denny Way). Access via 206-474-1630.,Street address not on current Compass page,Organization / directory page,https://www.compasshousingalliance.org/emergency-programs/,2025-2026
sh21,Compass Center – Otto's Place shelter & OSL Open Meal Service,shelter,shelter;meal,True,False,False,,210 Alaskan Way S,Seattle,WA,47.600757,-122.335868,Men,"Shelter: call; Meals: Mon-Fri lunch 11:30am-12:30pm, dinner 3:30-4:30pm; Sat lunch 1:30-3pm; grab-and-go from 9am",206-474-1000,,,"Non-congregate enhanced shelter with case management. Same building as Compass Multi-Service Center. Access via 206-474-1630 or 2-1-1. | OSL Open Meal Service on site: Mon-Fri lunch 11:30am-12:30pm, dinner 3:30-4:30pm; Sat lunch 1:30-3pm; grab-and-go from 9am (All; no requirements). No ID or sign-in; dietary accommodations. Other OSL outdoor sites not found.",,Organization / directory page | Operation Sack Lunch,https://www.compasshousingalliance.org/emergency-programs/ | https://www.oslserves.org/open-meal-service,2025-2026 | 2026
sh23,Compass Jan & Peter's Place Women's Shelter,shelter,shelter,False,False,False,,Rainier area – call for address,Seattle,WA,,,Women,,206-474-1000,,,Rainier area; street address not published on current page. Access via 206-474-1630.,Street address not on current Compass page,Organization / directory page,https://www.compasshousingalliance.org/emergency-programs/,2025-2026
sh02,DESC Mary Pilgrim Inn,shelter,shelter,False,False,False,,14115 Aurora Ave N,Seattle,WA,47.731176,-122.345151,Vulnerable single adults,24 hours daily,206-464-1570,,,,,"Crisis Connections – Seattle/King County Emergency Shelters, Q2 2026",https://crisisconnections.org/wp-content/uploads/2026/04/ESB-Seattle-King-County-Emergency-Shelters-_Q2_2026_DESKTOP-PRINT.pdf,2026-04
sh17,DESC STAR Center,shelter,shelter,False,False,False,,619 3rd Ave,Seattle,WA,47.602899,-122.331631,Unsheltered adults with significant mental health/substance use disorders,24/7,,,no (referral),"Non-congregate, up to 85 people. REFERRAL ONLY from DESC ORCA, mobile crisis teams, first responders, outreach teams. Opening announced for 2025; confirm operating. DESC main line 206-464-1570.",,Organization / directory page,https://www.desc.org/third-ave-2025/,2025-2026
sh16,DESC The Gateway 24-Hour Shelter,shelter,shelter,False,False,False,,13300 Stone Ave N,Seattle,WA,47.725959,-122.342219,"Adults 18+ vulnerable due to mental illness, disability, SUD or medical condition",Intake daily 9:30am; shelter 24 hrs,206-584-2854,,,Application via phone/email or in person at DESC admin office (515 3rd Ave) from 9:30am; professional and self-referrals; no fees; two North Seattle sites per listing. Listing from WA211 directory (update date not shown).,,Organization / directory page,https://search.wa211.org/search/8232e629-7932-5c88-97f9-40fe81b27ca7,2025-2026
sh03,Inn at Roy Street,shelter,shelter;hygiene,False,False,False,,157 Roy St,Seattle,WA,47.625386,-122.353517,Men 18+,Drop-in M-F 9:30am-4pm; nightly shelter,206-329-8700,,, | Hygiene/shower trailer at this address: Daily 9am-4:30pm,,"Crisis Connections – Seattle/King County Emergency Shelters, Q2 2026 | Community resource page",https://crisisconnections.org/wp-content/uploads/2026/04/ESB-Seattle-King-County-Emergency-Shelters-_Q2_2026_DESKTOP-PRINT.pdf | https://capitolhillbaptistchurch.com/2026/09/27/community-resource-page-breakfast-%F0%9F%8D%94lunch-%F0%9F%A5%A4-dinner-%F0%9F%8D%BD%EF%B8%8F-resources-sunday-seattle-to-everett-39/,2026-04 | 2026
sh24,LIHI tiny house villages (Seattle; 14 listed),shelter,shelter,False,False,False,,1253 S Jackson St (LIHI office – villages by referral),Seattle,WA,47.599136,-122.316373,Adults; Whittier Heights is female-identifying; others vary,,,,,"Villages: Camp Second Chance, Georgetown, Interbay, Maple Leaf, Miracle Temple, Riverton Park, Rosie's (Aurora Ave since Jul 2025), Southend, TC Spirit, True Hope, Whittier Heights, Henderson, Church By the Side of the Road (opened 2026); Progressive Skyway is outside Seattle. Entry by referral; individual addresses not on page. LIHI office 1253 S Jackson St.","Point is the LIHI office, not a village; villages are referral-only",Organization / directory page,https://www.lihihousing.org/villages,2025-2026
sh20,Lazarus Center (Catholic Community Services),shelter,shelter;day_center;hygiene,False,False,False,,2329 Rainier Ave S,Seattle,WA,47.582451,-122.301379,Adults 50+,,206-623-7219,yes,,"Day center with showers, laundry, clothing; overnight beds (about 40 men, 9 women per Gay City page). Valid ID required. Hours not found; page date unconfirmed.",,Organization / directory page,https://www.gaycity.org/lazarus-day-center/,2025-2026
sh18,Mary's Place family shelters (3 sites incl. Seattle),shelter,shelter,False,False,False,,Confidential – call family intake,Seattle,WA,,,"Families with children, pregnant people",Intake line daily 8:30am-11:30pm,206-245-1026,,,"King County Emergency Family Shelter Intake line; shelter addresses not published; intake by phone/waitlist only (50-60 families call daily, few placed). ID/documentation varies by location.",,Organization / directory page,https://www.marysplaceseattle.org/get-help,2025-2026
sh10,Nest on 3rd (New Horizons),shelter,shelter,False,False,False,,2709 3rd Ave,Seattle,WA,47.617163,-122.349086,Young adults 18-26,Daily 9pm-8am,206-374-0866,yes,,ID required,,"Crisis Connections – Seattle/King County Emergency Shelters, Q2 2026",https://crisisconnections.org/wp-content/uploads/2026/04/ESB-Seattle-King-County-Emergency-Shelters-_Q2_2026_DESKTOP-PRINT.pdf,2026-04
sh11,Nickelsville Central District,shelter,shelter,False,False,False,,805 21st Ave,Seattle,WA,47.609116,-122.305106,Single adults; couples; families,Village; maintains a waitlist,206-601-0999,,,,,"Crisis Connections – Seattle/King County Emergency Shelters, Q2 2026",https://crisisconnections.org/wp-content/uploads/2026/04/ESB-Seattle-King-County-Emergency-Shelters-_Q2_2026_DESKTOP-PRINT.pdf,2026-04
sh19,Noel House Women's Referral Center (Catholic Housing Services),shelter,shelter,False,False,False,,2030 3rd Ave,Seattle,WA,47.612689,-122.341261,"Women 18+, no children (not for women currently fleeing DV)",Office daily 8am-4pm; phone referrals daily 9am-9pm,,no,,"Visit in person; priority to those arriving by 8pm; no ID, fees or background check. Phone not in listing; CCS main 206-328-5696. WA DOH directory listing, update date not shown.",,Organization / directory page,https://ccwa.doh.wa.gov/search/73d237e6-1825-59a0-b977-7c0a714ee44c,2025-2026
sh04,Operation Nightwatch,shelter,shelter,False,False,False,,302 14th Ave S,Seattle,WA,47.53615,-122.313729,Men 18+,Nightly in-person intake 8pm-9am,206-329-2099,,,,,"Crisis Connections – Seattle/King County Emergency Shelters, Q2 2026",https://crisisconnections.org/wp-content/uploads/2026/04/ESB-Seattle-King-County-Emergency-Shelters-_Q2_2026_DESKTOP-PRINT.pdf,2026-04
sh07,ROOTS Young Adult Shelter,shelter,shelter,False,False,False,,4541 19th Ave NE,Seattle,WA,47.661695,-122.307325,Young adults 18-25,Intake daily 8pm-8:30pm,206-632-1635,,,,,"Crisis Connections – Seattle/King County Emergency Shelters, Q2 2026",https://crisisconnections.org/wp-content/uploads/2026/04/ESB-Seattle-King-County-Emergency-Shelters-_Q2_2026_DESKTOP-PRINT.pdf,2026-04
sh05,SHARE/WHEEL (Josephinum),shelter,shelter,False,False,False,,1902 2nd Ave,Seattle,WA,47.611057,-122.340486,Men and women 18+,Walk-in sign-up M/Th 1pm; Tu/W/F/Sa 6pm,,,,Walk-in,,"Crisis Connections – Seattle/King County Emergency Shelters, Q2 2026",https://crisisconnections.org/wp-content/uploads/2026/04/ESB-Seattle-King-County-Emergency-Shelters-_Q2_2026_DESKTOP-PRINT.pdf,2026-04
sh15,Salvation Army William Booth Center,shelter,shelter,False,False,False,,811 Maynard Ave S,Seattle,WA,47.595702,-122.325155,"Men (incl. veterans, transitional programs)",,206-621-0145,,no (referral),Emergency/transitional housing for men; walk-ins NOT accepted (referral/intake). Phone and walk-in rule from homelessshelterdirectory.org; address confirmed on Salvation Army page.,,Organization / directory page,https://www.salvationarmyusa.org/wa/seattle/,2025-2026
sh06,St. Martin de Porres Shelter,shelter,shelter,False,False,False,,1561 Alaskan Way S,Seattle,WA,47.588847,-122.338248,Men 50+,24 hours daily,206-323-6341,,,,,"Crisis Connections – Seattle/King County Emergency Shelters, Q2 2026",https://crisisconnections.org/wp-content/uploads/2026/04/ESB-Seattle-King-County-Emergency-Shelters-_Q2_2026_DESKTOP-PRINT.pdf,2026-04
sh12,Union Gospel Mission Men's Shelter,shelter,shelter;meal,True,False,False,,318 2nd Ave Extension S,Seattle,WA,47.600558,-122.330825,Men,Call hotline,206-501-4357 (help line); 206-622-5177,,,Meals: Breakfast 7:30-9am daily; lunch 11:30am-12:30pm Mon-Sat; dinner 5:30-6:30pm daily (Meal times per Sept 2026 community page; confirm with UGM. Address listed there as 318 Second Ave S. Referral/intake line 206-501-4357.),,Seattle's Union Gospel Mission – Contact | UGM meal times (community page),https://www.ugm.org/contact-us | https://capitolhillbaptistchurch.com/2026/09/27/community-resource-page-breakfast-%F0%9F%8D%94lunch-%F0%9F%A5%A4-dinner-%F0%9F%8D%BD%EF%B8%8F-resources-sunday-seattle-to-everett-39/,2026-10 | 2026
sh13,Union Gospel Mission Women & Children's Shelter,shelter,shelter,False,False,False,,7136 38th Ave S,Seattle,WA,47.538501,-122.28462,Women and children,Call hotline,206-501-4357,,,,,Seattle's Union Gospel Mission – Contact,https://www.ugm.org/contact-us,2026-10
sh14,WHEEL Women's Shelter,shelter,shelter,False,False,False,,Confidential – call,Seattle,WA,,,Women 18+,24 hours daily; call ahead for availability,206-956-0334,,,Location not published,,"Crisis Connections – Seattle/King County Emergency Shelters, Q2 2026",https://crisisconnections.org/wp-content/uploads/2026/04/ESB-Seattle-King-County-Emergency-Shelters-_Q2_2026_DESKTOP-PRINT.pdf,2026-04
fd14,"YWCA Angeline's Center (day center, meals, overnight shelter)",shelter,meal;shelter;day_center;hygiene,True,False,False,,2030 3rd Ave,Seattle,WA,47.612689,-122.341261,Women without children,M-F lunch 12pm,206-436-8650,,,"Day center M-F 10am-4pm; phone and computers | Day center M-F 10am-4pm: breakfast, lunch, showers, laundry, lockers. Year-round overnight shelter for single women 18+ (enhanced night program requires enrollment).",,"Crisis Connections – Seattle Food Resources, Q2 2026 | YWCA – Angeline's",https://crisisconnections.org/wp-content/uploads/2026/04/ESB-Seattle-Food-Services_Q2_2026_DESKTOP-PRINT.pdf | https://www.ywcaworks.org/programs/angelines-day-center,2026-04 | 2026
sh09,YouthCare Adolescent Shelter,shelter,shelter,False,False,False,,2500 NE 54th St,Seattle,WA,47.668036,-122.300535,Youth 12-17,Call for screening,206-694-4506,,,,,"Crisis Connections – Seattle/King County Emergency Shelters, Q2 2026",https://crisisconnections.org/wp-content/uploads/2026/04/ESB-Seattle-King-County-Emergency-Shelters-_Q2_2026_DESKTOP-PRINT.pdf,2026-04
sh08,YouthCare South Seattle Shelter,shelter,shelter,False,False,False,,1828 Yale Ave,Seattle,WA,47.617782,-122.330043,Young adults 18-24,Call for screening,206-331-2363,,,,,"Crisis Connections – Seattle/King County Emergency Shelters, Q2 2026",https://crisisconnections.org/wp-content/uploads/2026/04/ESB-Seattle-King-County-Emergency-Shelters-_Q2_2026_DESKTOP-PRINT.pdf,2026-04
fd15,Bethany Community Church,meal,meal;food_bank,True,False,False,,1147 N 81st St,Seattle,WA,47.687604,-122.343778,All,2nd and last Monday 6-7pm,206-524-9000,,,Also food bank Mondays 6-7pm,,"Crisis Connections – Seattle Food Resources, Q2 2026",https://crisisconnections.org/wp-content/uploads/2026/04/ESB-Seattle-Food-Services_Q2_2026_DESKTOP-PRINT.pdf,2026-04
fd02,Bethany Presbyterian Church,meal,meal,True,False,False,,1818 Queen Anne Ave N,Seattle,WA,47.635008,-122.356882,All,W 5-6:30pm,206-284-2222,,,,,"Crisis Connections – Seattle Food Resources, Q2 2026",https://crisisconnections.org/wp-content/uploads/2026/04/ESB-Seattle-Food-Services_Q2_2026_DESKTOP-PRINT.pdf,2026-04
fd16,Blessed Sacrament Church,meal,meal,True,False,False,,5050 8th Ave NE,Seattle,WA,47.665351,-122.319455,All,Meal Su 12-2pm; food bank F 10:30am-12pm,,,,,,"Crisis Connections – Seattle Food Resources, Q2 2026",https://crisisconnections.org/wp-content/uploads/2026/04/ESB-Seattle-Food-Services_Q2_2026_DESKTOP-PRINT.pdf,2026-04
fd03,Cathedral Kitchen (St. James),meal,meal,True,False,False,,910 Columbia St,Seattle,WA,47.6071,-122.325931,All,M-F 4-4:45pm; Su 7-8am,206-264-2091,,,Sources conflict on address (907 vs 910 Columbia St) and dinner time – confirm,address/time conflict,"Crisis Connections – Seattle Food Resources, Q2 2026",https://crisisconnections.org/wp-content/uploads/2026/04/ESB-Seattle-Food-Services_Q2_2026_DESKTOP-PRINT.pdf,2026-04
fd04,Central Area Senior Center,meal,meal,True,False,False,,500 30th Ave S,Seattle,WA,47.597948,-122.29377,Seniors 60+,M-F 12-1pm,206-726-4926,,,,,"Crisis Connections – Seattle Food Resources, Q2 2026",https://crisisconnections.org/wp-content/uploads/2026/04/ESB-Seattle-Food-Services_Q2_2026_DESKTOP-PRINT.pdf,2026-04
fd05,Chief Seattle Club,meal,meal;hygiene,True,False,False,,410 2nd Ave Extension S,Seattle,WA,47.601521,-122.331706,American Indian/Alaska Native 18+,Daily breakfast 8-9:30am; lunch 12-1pm,206-715-7536,,,Also showers and laundry daily 7am-noon,,"Crisis Connections – Seattle Food Resources, Q2 2026",https://crisisconnections.org/wp-content/uploads/2026/04/ESB-Seattle-Food-Services_Q2_2026_DESKTOP-PRINT.pdf,2026-04
fd19,ChuMinh Egg Rolls/Tofu weekly meal,meal,meal,True,False,False,,720 8th Ave S (ICHS courtyard),Seattle,WA,47.596463,-122.322373,All,Sun 11am-12:30pm,,,,Free community meal; interpreters sometimes.,,Organization / directory page,https://seattle.gov/documents/Departments/HumanServices/Homeless%20services%20resources/DON_2025-12-10_CIDResourceGuide.pdf,2025-2026
fd01,Community Lunch on Capitol Hill (All Pilgrims Church),meal,meal,True,False,False,,509 10th Ave E,Seattle,WA,47.623266,-122.319991,All,M-F 12-1pm,206-972-2524,,,Another source lists M-F breakfast 9:30-10:30am and lunch 11:30am-1pm,,"Crisis Connections – Seattle Food Resources, Q2 2026 | Community Lunch",https://crisisconnections.org/wp-content/uploads/2026/04/ESB-Seattle-Food-Services_Q2_2026_DESKTOP-PRINT.pdf | https://www.communitylunch.org/,2026-04 | 2026
dc07,DESC Lew Middleton Drop-In Center,meal,day_center;meal;hygiene,True,False,False,,216 James St,Seattle,WA,47.602443,-122.332349,People enrolled/enrolling in DESC programs,Mon-Fri 9am-2pm,,,,"Warm meal, laundry, shower, hygiene. Enrollment-based, not fully open to public. From Seattle HSD CID Resource Guide Dec 2025.",,Organization / directory page,https://seattle.gov/documents/Departments/HumanServices/Homeless%20services%20resources/DON_2025-12-10_CIDResourceGuide.pdf,2025-2026
fd06,Edible Hope Meal Program (St. Luke's),meal,meal,True,False,False,,5710 22nd Ave NW,Seattle,WA,47.670301,-122.384659,All,M-F 8-10am,206-784-3119,,,,,"Crisis Connections – Seattle Food Resources, Q2 2026",https://crisisconnections.org/wp-content/uploads/2026/04/ESB-Seattle-Food-Services_Q2_2026_DESKTOP-PRINT.pdf,2026-04
fd07,Elizabeth Gregory Home,meal,meal;hygiene;mail,True,False,False,,1604 NE 50th St,Seattle,WA,47.664939,-122.310678,Women 18+,Su-F breakfast 9am; lunch 12pm,206-729-0262,,,Also showers; laundry; phone; computer; mail,,"Crisis Connections – Seattle Food Resources, Q2 2026",https://crisisconnections.org/wp-content/uploads/2026/04/ESB-Seattle-Food-Services_Q2_2026_DESKTOP-PRINT.pdf,2026-04
fd09,First Covenant Church,meal,meal,True,False,False,,400 E Pike St,Seattle,WA,47.614143,-122.326736,All,Sa 9-10am,206-322-7411,,,,,"Crisis Connections – Seattle Food Resources, Q2 2026",https://crisisconnections.org/wp-content/uploads/2026/04/ESB-Seattle-Food-Services_Q2_2026_DESKTOP-PRINT.pdf,2026-04
fd08,First United Methodist Church,meal,meal,True,False,False,,180 Denny Way,Seattle,WA,47.618649,-122.35319,All,Su 7:30-9am,206-622-7278,,,,,"Crisis Connections – Seattle Food Resources, Q2 2026",https://crisisconnections.org/wp-content/uploads/2026/04/ESB-Seattle-Food-Services_Q2_2026_DESKTOP-PRINT.pdf,2026-04
fd23,Food Not Bombs Seattle,meal,meal,True,False,False,,"Occidental Square, Pioneer Square",Seattle,WA,,,All,Sat and Sun 5-6pm,,,,Outdoor meal; no street number. From Seattle Public Schools Oct 2025 food resource list.,No street address; place pin manually at Occidental Square,Organization / directory page,https://www.seattleschools.org/wp-content/uploads/2025/10/Seattle-Food-Resources.pdf,2025-2026
fd10,Greenwood Senior Center,meal,meal,True,False,False,,525 N 85th St,Seattle,WA,47.690524,-122.351191,All,Lunch M-F 12pm; dinner M 4-6pm,206-783-2244,,,,,"Crisis Connections – Seattle Food Resources, Q2 2026",https://crisisconnections.org/wp-content/uploads/2026/04/ESB-Seattle-Food-Services_Q2_2026_DESKTOP-PRINT.pdf,2026-04
fd17,Immanuel Community Services,meal,meal;hygiene,True,False,False,,1215 Thomas St,Seattle,WA,47.620755,-122.3327,All,Meal last Sunday 12-2pm; food bank M 10am-1pm,206-622-1930,,,Also showers and laundry weekday mornings,,"Crisis Connections – Seattle Food Resources, Q2 2026",https://crisisconnections.org/wp-content/uploads/2026/04/ESB-Seattle-Food-Services_Q2_2026_DESKTOP-PRINT.pdf,2026-04
fd11,Lambert House,meal,meal,True,False,False,,1229 10th Ave E,Seattle,WA,47.630782,-122.320296,LGBTQ youth 10-22,M-F dinner 6pm,206-322-2515,,,,,"Crisis Connections – Seattle Food Resources, Q2 2026",https://crisisconnections.org/wp-content/uploads/2026/04/ESB-Seattle-Food-Services_Q2_2026_DESKTOP-PRINT.pdf,2026-04
fd12,New Horizons Ministries,meal,meal;hygiene;mail,True,False,False,,2709 3rd Ave,Seattle,WA,47.617163,-122.349086,Youth and young adults 25 and under,M-Th lunch 3pm; dinner 7pm,206-374-0866,,,Also showers; laundry; mail; phone,,"Crisis Connections – Seattle Food Resources, Q2 2026",https://crisisconnections.org/wp-content/uploads/2026/04/ESB-Seattle-Food-Services_Q2_2026_DESKTOP-PRINT.pdf,2026-04
fd21,Northwest SHARE food truck,meal,meal,True,False,False,,5034 University Way NE,Seattle,WA,47.6652,-122.312986,All; vegetarian/vegan,"Fri, Sat, Sun 6:30-8pm",,,,From Seattle Public Schools Oct 2025 food resource list.,,Organization / directory page,https://www.seattleschools.org/wp-content/uploads/2025/10/Seattle-Food-Resources.pdf,2025-2026
fd22,Phinney Neighborhood Association meal (St. John Church),meal,meal,True,False,False,,5515 Phinney Ave N,Seattle,WA,47.668651,-122.354495,All,"Mon-Wed, 11am-1pm or 4-6pm (varies)",,,,May overlap church meal list.,,Organization / directory page,https://www.seattleschools.org/wp-content/uploads/2025/10/Seattle-Food-Resources.pdf,2025-2026
fd20,Pike Market Senior Center meals,meal,meal,True,False,False,,85 Pike St #200,Seattle,WA,47.608696,-122.34039,Age 55+,"Mon-Fri 8am-4pm; Sat-Sun 8am-2pm; breakfast 8:20-9am, lunch 12-1pm",206-728-2773,,,Seniors only.,,Organization / directory page,https://seattle.gov/documents/Departments/HumanServices/Homeless%20services%20resources/DON_2025-12-10_CIDResourceGuide.pdf,2025-2026
fd18,Seattle Indian Center community meals,meal,meal,True,False,False,,624 S Dearborn St,Seattle,WA,47.595891,-122.325746,Anyone in need,"Mon-Fri breakfast 9:30-11am, lunch 12-1:15pm",206-329-8700,,,Free hot meals; call or walk in.,Address differs from Support Services brochure (1265 S Main St) – confirm,Organization / directory page,https://search.wa211.org/search/32aa13f9-8307-52f0-b258-0456b09a3a0e,2025-2026
fd13,YouthCare Orion Center,meal,meal,True,False,False,,1828 Yale Ave,Seattle,WA,47.617782,-122.330043,Youth 12-24,M-F 10-10:45am; 12:15-1pm; 5-5:45pm,206-622-5555,,,,,"Crisis Connections – Seattle Food Resources, Q2 2026",https://crisisconnections.org/wp-content/uploads/2026/04/ESB-Seattle-Food-Services_Q2_2026_DESKTOP-PRINT.pdf,2026-04
fb09,Akin North Seattle Family Resource Center,food_bank,food_bank,True,False,False,,12360 Lake City Way NE,Seattle,WA,47.718988,-122.295313,Families,M/Tu/Th 9am-5pm; W 10:30am-5pm; F 9am-3pm,206-364-7930,,,Baby supplies and clothing,,"Crisis Connections – Seattle Food Resources, Q2 2026",https://crisisconnections.org/wp-content/uploads/2026/04/ESB-Seattle-Food-Services_Q2_2026_DESKTOP-PRINT.pdf,2026-04
fb02,Asian Counseling & Referral Service Food Bank,food_bank,food_bank,True,False,False,,800 S Weller St,Seattle,WA,47.597564,-122.322369,Anyone; culturally Asian-Pacific foods,W/F 10am-1pm,206-292-5714,,,,,"Crisis Connections – Seattle Food Resources, Q2 2026",https://crisisconnections.org/wp-content/uploads/2026/04/ESB-Seattle-Food-Services_Q2_2026_DESKTOP-PRINT.pdf,2026-04
fb01,Ballard Food Bank,food_bank,food_bank;mail,True,False,False,,1400 Leary Way NW,Seattle,WA,47.663711,-122.37376,Seattle residents,M 10am-3:45pm; Tu/Th 10am-6:45pm; W 10am-1:45pm,206-789-7800,yes,,Mail service for homeless (ID required),,"Crisis Connections – Seattle Food Resources, Q2 2026",https://crisisconnections.org/wp-content/uploads/2026/04/ESB-Seattle-Food-Services_Q2_2026_DESKTOP-PRINT.pdf,2026-04
fb03,Byrd Barr Place,food_bank,food_bank,True,False,False,,722 18th Ave,Seattle,WA,47.608318,-122.308845,Seattle residents,Tu 11am-4pm; W 12-4pm; Th 10am-2pm,206-812-4970,,,,,"Crisis Connections – Seattle Food Resources, Q2 2026",https://crisisconnections.org/wp-content/uploads/2026/04/ESB-Seattle-Food-Services_Q2_2026_DESKTOP-PRINT.pdf,2026-04
fb23,Center for Active Living,food_bank,food_bank,True,False,False,,4217 SW Oregon St,Seattle,WA,47.562814,-122.385731,All,Tu 9-9:30am,206-932-4044,,,,,"Crisis Connections – Seattle Food Resources, Q2 2026",https://crisisconnections.org/wp-content/uploads/2026/04/ESB-Seattle-Food-Services_Q2_2026_DESKTOP-PRINT.pdf,2026-04
fb17,El Centro de la Raza,food_bank,food_bank,True,False,False,,2524 16th Ave S,Seattle,WA,47.580777,-122.312019,Anyone,W 2-3pm; Th/F 10am-12pm and 2:30-4pm,206-973-4401,,,,,"Crisis Connections – Seattle Food Resources, Q2 2026",https://crisisconnections.org/wp-content/uploads/2026/04/ESB-Seattle-Food-Services_Q2_2026_DESKTOP-PRINT.pdf,2026-04
fb10,FamilyWorks,food_bank,food_bank;wifi,True,True,False,,1501 N 45th St,Seattle,WA,47.661329,-122.33909,Anyone,Tu 12-2pm; Th 3-6pm; F 11am-1pm,206-647-1780,,,,,"Crisis Connections – Seattle Food Resources, Q2 2026 | City of Seattle – Free Public Wi-Fi (Digital Equity Sites layer)",https://crisisconnections.org/wp-content/uploads/2026/04/ESB-Seattle-Food-Services_Q2_2026_DESKTOP-PRINT.pdf | https://services.arcgis.com/ZOyb2t4B0UYuYNYH/arcgis/rest/services/DigitalEquitySites/FeatureServer/0,2026-04 | 2026-10
fb18,Filipino Community of Seattle,food_bank,food_bank;wifi,True,True,False,,5740 Martin Luther King Jr Way S,Seattle,WA,47.550915,-122.287703,Anyone,M-F 9am-5pm,206-722-9372,,,Also free community Wi-Fi zone,,"Crisis Connections – Seattle Food Resources, Q2 2026",https://crisisconnections.org/wp-content/uploads/2026/04/ESB-Seattle-Food-Services_Q2_2026_DESKTOP-PRINT.pdf,2026-04
fb05,Food Bank at St. Mary's,food_bank,food_bank,True,False,False,,611 20th Ave S,Seattle,WA,47.597347,-122.306449,Anyone,M/W/F 10am-1pm,206-338-7215,,,,,"Crisis Connections – Seattle Food Resources, Q2 2026",https://crisisconnections.org/wp-content/uploads/2026/04/ESB-Seattle-Food-Services_Q2_2026_DESKTOP-PRINT.pdf,2026-04
fb11,Greenwood Food Bank,food_bank,food_bank,True,False,False,,9501 Greenwood Ave N,Seattle,WA,47.697894,-122.355464,Anyone; twice weekly,M-F 9am-4:30pm,206-783-1225,,,,,"Crisis Connections – Seattle Food Resources, Q2 2026",https://crisisconnections.org/wp-content/uploads/2026/04/ESB-Seattle-Food-Services_Q2_2026_DESKTOP-PRINT.pdf,2026-04
fb12,North Helpline Bitter Lake,food_bank,food_bank,True,False,False,,13000 Linden Ave N,Seattle,WA,47.723269,-122.34805,Homeless and North King County residents,Sa 9am-1:45pm,206-367-3477,,,,,"Crisis Connections – Seattle Food Resources, Q2 2026",https://crisisconnections.org/wp-content/uploads/2026/04/ESB-Seattle-Food-Services_Q2_2026_DESKTOP-PRINT.pdf,2026-04
fb13,North Helpline Lake City,food_bank,food_bank,True,False,False,,12736 33rd Ave NE,Seattle,WA,47.720907,-122.292434,Anyone,W/Sa 9am-1:45pm; Th 4-6:45pm,206-367-3477,,,,,"Crisis Connections – Seattle Food Resources, Q2 2026",https://crisisconnections.org/wp-content/uploads/2026/04/ESB-Seattle-Food-Services_Q2_2026_DESKTOP-PRINT.pdf,2026-04
fb19,Paradise of Praise,food_bank,food_bank,True,False,False,,1316 SW Holden St,Seattle,WA,47.534347,-122.351917,Anyone,Tu 10am-12pm,206-768-2745,,,,,"Crisis Connections – Seattle Food Resources, Q2 2026",https://crisisconnections.org/wp-content/uploads/2026/04/ESB-Seattle-Food-Services_Q2_2026_DESKTOP-PRINT.pdf,2026-04
fb14,Phinney Ridge Lutheran Church,food_bank,food_bank,True,False,False,,7500 Greenwood Ave N,Seattle,WA,47.683344,-122.355214,Anyone,Tu 1:15-3pm; W 6:15-8pm,,,,,,"Crisis Connections – Seattle Food Resources, Q2 2026",https://crisisconnections.org/wp-content/uploads/2026/04/ESB-Seattle-Food-Services_Q2_2026_DESKTOP-PRINT.pdf,2026-04
fb06,Pike Market Food Bank,food_bank,food_bank,True,False,False,,1531 Western Ave,Seattle,WA,47.608478,-122.34134,Downtown residents incl. homeless,Tu/Th 12-3pm; W 3-7pm,206-626-6462,,,Parking garage 5th floor,,"Crisis Connections – Seattle Food Resources, Q2 2026",https://crisisconnections.org/wp-content/uploads/2026/04/ESB-Seattle-Food-Services_Q2_2026_DESKTOP-PRINT.pdf,2026-04
fb07,Polack Food Bank,food_bank,food_bank,True,False,False,,1601 16th Ave,Seattle,WA,47.615299,-122.311546,Anyone,W/F 10am-12pm; Th 2-4pm,206-461-3240,,,,,"Crisis Connections – Seattle Food Resources, Q2 2026",https://crisisconnections.org/wp-content/uploads/2026/04/ESB-Seattle-Food-Services_Q2_2026_DESKTOP-PRINT.pdf,2026-04
fb20,Providence Regina House,food_bank,food_bank,True,False,False,,8201 10th Ave S,Seattle,WA,47.529735,-122.320269,Anyone,Th 12:30-2pm; Sa 9am-12pm,206-763-9204,,,,,"Crisis Connections – Seattle Food Resources, Q2 2026",https://crisisconnections.org/wp-content/uploads/2026/04/ESB-Seattle-Food-Services_Q2_2026_DESKTOP-PRINT.pdf,2026-04
fb15,Queen Anne Food Bank,food_bank,food_bank,True,False,False,,232 Warren Ave N,Seattle,WA,47.630549,-122.354003,Anyone; weekly,Th 1-2:30pm,206-216-4102,,,Suite B,,"Crisis Connections – Seattle Food Resources, Q2 2026",https://crisisconnections.org/wp-content/uploads/2026/04/ESB-Seattle-Food-Services_Q2_2026_DESKTOP-PRINT.pdf,2026-04
fb04,SoDo Community Market,food_bank,food_bank,True,False,False,,1915 4th Ave S,Seattle,WA,47.586015,-122.329149,Anyone; daily visits,M 1:30-7:30pm; W/F 8am-2pm,206-625-0755,,,,,"Crisis Connections – Seattle Food Resources, Q2 2026",https://crisisconnections.org/wp-content/uploads/2026/04/ESB-Seattle-Food-Services_Q2_2026_DESKTOP-PRINT.pdf,2026-04
fb21,St. Vincent de Paul Food Bank,food_bank,food_bank;mail,True,False,False,,5972 4th Ave S,Seattle,WA,47.548711,-122.329499,Anyone,Tu/Th/F 11am-2pm,206-767-9975,,,Temporary mail address,,"Crisis Connections – Seattle Food Resources, Q2 2026",https://crisisconnections.org/wp-content/uploads/2026/04/ESB-Seattle-Food-Services_Q2_2026_DESKTOP-PRINT.pdf,2026-04
fb16,University District Food Bank,food_bank,food_bank,True,False,False,,5017 Roosevelt Way NE,Seattle,WA,47.665106,-122.317488,NE Seattle residents,M 9am-3pm; Tu/Th 11am-7pm; F 11am-4pm,206-523-7060,,,,,"Crisis Connections – Seattle Food Resources, Q2 2026",https://crisisconnections.org/wp-content/uploads/2026/04/ESB-Seattle-Food-Services_Q2_2026_DESKTOP-PRINT.pdf,2026-04
fb22,West Seattle Food Bank,food_bank,food_bank,True,False,False,,3419 SW Morgan St,Seattle,WA,47.544618,-122.375396,Anyone; weekly,Tu/Th/F 10am-2pm; W 12-7pm,206-932-9023,,,,,"Crisis Connections – Seattle Food Resources, Q2 2026",https://crisisconnections.org/wp-content/uploads/2026/04/ESB-Seattle-Food-Services_Q2_2026_DESKTOP-PRINT.pdf,2026-04
fb08,YWCA Central Food Bank,food_bank,food_bank,True,False,False,,2820 E Cherry St,Seattle,WA,47.608051,-122.295605,Central Seattle residents,W public 1-3pm,206-946-2795,,,,,"Crisis Connections – Seattle Food Resources, Q2 2026",https://crisisconnections.org/wp-content/uploads/2026/04/ESB-Seattle-Food-Services_Q2_2026_DESKTOP-PRINT.pdf,2026-04
dc01,Compass Housing Alliance Day Center & Hygiene,day_center,day_center;hygiene;wifi,False,True,False,,77 S Washington St,Seattle,WA,47.600825,-122.334557,Homeless adults,Day center M-F 9am-4pm; hygiene M-F 7am-4pm and Sa 8am-noon,206-474-1630,,,Wi-Fi; phone; showers; laundry,,"Crisis Connections – Seattle Support Services, Q2 2026",https://crisisconnections.org/wp-content/uploads/2026/04/ESB-Seattle-Support-Services_Q2_2026_DESKTOP-PRINT.pdf,2026-04
dc05,Lake City Partners (Lake City Christian),day_center,day_center;hygiene;mail,False,False,False,,12521 33rd Ave NE,Seattle,WA,47.719457,-122.292816,Homeless individuals and families,M-F 9am-noon and 1-4pm,206-497-0838,,,Meals; showers; laundry; storage; mail,,"Crisis Connections – Seattle Support Services, Q2 2026",https://crisisconnections.org/wp-content/uploads/2026/04/ESB-Seattle-Support-Services_Q2_2026_DESKTOP-PRINT.pdf,2026-04
dc08,Mary's Place Allen Family Center,day_center,day_center,False,False,False,,3190 S Martin Luther King Jr Way,Seattle,WA,47.575038,-122.296603,Families with children experiencing housing insecurity,Mon-Fri 8am-5pm,206-584-2832,,,"Drop-in; shelter referral, housing support, navigation.",,Organization / directory page,https://www.marysplaceseattle.org/get-help,2025-2026
dc09,Salvation Army Jefferson Day Center,day_center,day_center;hygiene,False,False,False,,420 4th Ave,Seattle,WA,47.602322,-122.329356,Adults of all genders experiencing homelessness,Daily 7am-5pm,206-338-5707,,yes,"Walk-in, no application; showers, laundry, shelter navigation.",,Organization / directory page,https://search.wa211.org/search/ef768613-235f-51de-8720-e52eec5d5bdb,2025-2026
dc06,Seattle Indian Center,day_center,day_center;hygiene;mail,False,False,False,,1265 S Main St,Seattle,WA,47.599949,-122.315442,All; families,M-F 9:30am-5:30pm,,yes,,Computers; showers; laundry; permanent mail address (state ID required),,"Crisis Connections – Seattle Support Services, Q2 2026",https://crisisconnections.org/wp-content/uploads/2026/04/ESB-Seattle-Support-Services_Q2_2026_DESKTOP-PRINT.pdf,2026-04
dc04,Solanus Casey Center,day_center,day_center,False,False,False,,804 9th Ave,Seattle,WA,47.607084,-122.326052,Low-income in transition,M-Th 1-4pm,206-223-0907,,,Free local phone calls,,"Crisis Connections – Seattle Support Services, Q2 2026",https://crisisconnections.org/wp-content/uploads/2026/04/ESB-Seattle-Support-Services_Q2_2026_DESKTOP-PRINT.pdf,2026-04
dc03,Urban Rest Stop Ballard,day_center,day_center;hygiene,False,False,False,,2014 NW 57th St,Seattle,WA,47.670235,-122.382384,Adults; families; youth,M-F 6:30-10am and 11:30am-2:30pm,206-258-3626,,,Showers; restrooms; laundry,,"Crisis Connections – Seattle Support Services, Q2 2026",https://crisisconnections.org/wp-content/uploads/2026/04/ESB-Seattle-Support-Services_Q2_2026_DESKTOP-PRINT.pdf,2026-04
dc02,Urban Rest Stop Downtown,day_center,day_center;hygiene,False,False,False,,1924 9th Ave,Seattle,WA,47.615866,-122.334733,Public,M-F 6:30am-5pm; Sa-Su 8:30am-12pm and 1-5pm,206-332-0110,,,Showers; restrooms; laundry,,"Crisis Connections – Seattle Support Services, Q2 2026",https://crisisconnections.org/wp-content/uploads/2026/04/ESB-Seattle-Support-Services_Q2_2026_DESKTOP-PRINT.pdf,2026-04
cc01,Delridge Community Center,hygiene,hygiene;wifi,False,True,False,,4501 Delridge Way SW,Seattle,WA,47.563286,-122.363438,Public,Free showers M-F 10am-4pm,206-684-7423,,,Free public showers,,"Crisis Connections – Seattle Support Services, Q2 2026 | City of Seattle – Free Public Wi-Fi (Digital Equity Sites layer)",https://crisisconnections.org/wp-content/uploads/2026/04/ESB-Seattle-Support-Services_Q2_2026_DESKTOP-PRINT.pdf | https://services.arcgis.com/ZOyb2t4B0UYuYNYH/arcgis/rest/services/DigitalEquitySites/FeatureServer/0,2026-04 | 2026-10
cc02,Green Lake Community Center,hygiene,hygiene;wifi,False,True,False,,7201 E Green Lake Dr N,Seattle,WA,47.681137,-122.326798,Public,Free showers Tu/Th 10am-1pm,206-684-0780,,,Free public showers,,"Crisis Connections – Seattle Support Services, Q2 2026 | City of Seattle – Free Public Wi-Fi (Digital Equity Sites layer)",https://crisisconnections.org/wp-content/uploads/2026/04/ESB-Seattle-Support-Services_Q2_2026_DESKTOP-PRINT.pdf | https://services.arcgis.com/ZOyb2t4B0UYuYNYH/arcgis/rest/services/DigitalEquitySites/FeatureServer/0,2026-04 | 2026-10
cc03,Meadowbrook Community Center,hygiene,hygiene;wifi,False,True,False,,10517 35th Ave NE,Seattle,WA,47.705028,-122.290954,Public,Free showers M-F 10:30am-4:30pm,206-684-7522,,,Free public showers,,"Crisis Connections – Seattle Support Services, Q2 2026 | City of Seattle – Free Public Wi-Fi (Digital Equity Sites layer)",https://crisisconnections.org/wp-content/uploads/2026/04/ESB-Seattle-Support-Services_Q2_2026_DESKTOP-PRINT.pdf | https://services.arcgis.com/ZOyb2t4B0UYuYNYH/arcgis/rest/services/DigitalEquitySites/FeatureServer/0,2026-04 | 2026-10
cc04,Miller Community Center,hygiene,hygiene;wifi,False,True,False,,330 19th Ave E,Seattle,WA,47.62099,-122.307259,Public,Free showers M-F 10am-5:30pm,206-684-4753,,,Free public showers,,"Crisis Connections – Seattle Support Services, Q2 2026 | City of Seattle – Free Public Wi-Fi (Digital Equity Sites layer)",https://crisisconnections.org/wp-content/uploads/2026/04/ESB-Seattle-Support-Services_Q2_2026_DESKTOP-PRINT.pdf | https://services.arcgis.com/ZOyb2t4B0UYuYNYH/arcgis/rest/services/DigitalEquitySites/FeatureServer/0,2026-04 | 2026-10
cc05,Rainier Community Center,hygiene,hygiene;wifi,False,True,False,,4600 38th Ave S,Seattle,WA,47.561714,-122.284826,Public,Free showers M-F 10:30am-5pm,206-386-1919,,,Free public showers,,"Crisis Connections – Seattle Support Services, Q2 2026 | City of Seattle – Free Public Wi-Fi (Digital Equity Sites layer)",https://crisisconnections.org/wp-content/uploads/2026/04/ESB-Seattle-Support-Services_Q2_2026_DESKTOP-PRINT.pdf | https://services.arcgis.com/ZOyb2t4B0UYuYNYH/arcgis/rest/services/DigitalEquitySites/FeatureServer/0,2026-04 | 2026-10
lb02,Seattle Public Library – Ballard Branch,library,library;wifi;charging,False,True,True,outlets (likely; confirm at desk),5614 22nd Ave NW,Seattle,WA,47.669597,-122.384659,Public,See spl.org (hours vary by branch),206-386-4636,no,yes,Free Wi-Fi (no card needed); computers with library card; outlets for charging,,Seattle Public Library – Hours & Locations | City of Seattle – Free Public Wi-Fi (Digital Equity Sites layer),https://www.spl.org/hours-and-locations | https://services.arcgis.com/ZOyb2t4B0UYuYNYH/arcgis/rest/services/DigitalEquitySites/FeatureServer/0,2026-10 | 2026-10
lb03,Seattle Public Library – Beacon Hill Branch,library,library;wifi;charging,False,True,True,outlets (likely; confirm at desk),2821 Beacon Ave S,Seattle,WA,47.578393,-122.311486,Public,See spl.org (hours vary by branch),206-386-4636,no,yes,Free Wi-Fi (no card needed); computers with library card; outlets for charging,,Seattle Public Library – Hours & Locations | City of Seattle – Free Public Wi-Fi (Digital Equity Sites layer),https://www.spl.org/hours-and-locations | https://services.arcgis.com/ZOyb2t4B0UYuYNYH/arcgis/rest/services/DigitalEquitySites/FeatureServer/0,2026-10 | 2026-10
lb04,Seattle Public Library – Broadview Branch,library,library;wifi;charging,False,True,True,outlets (likely; confirm at desk),12755 Greenwood Ave N,Seattle,WA,47.721782,-122.35563,Public,See spl.org (hours vary by branch),206-386-4636,no,yes,Free Wi-Fi (no card needed); computers with library card; outlets for charging,,Seattle Public Library – Hours & Locations | City of Seattle – Free Public Wi-Fi (Digital Equity Sites layer),https://www.spl.org/hours-and-locations | https://services.arcgis.com/ZOyb2t4B0UYuYNYH/arcgis/rest/services/DigitalEquitySites/FeatureServer/0,2026-10 | 2026-10
lb05,Seattle Public Library – Capitol Hill Branch,library,library;wifi;charging,False,True,True,outlets (likely; confirm at desk),425 Harvard Ave E,Seattle,WA,47.622301,-122.322107,Public,See spl.org (hours vary by branch),206-386-4636,no,yes,Free Wi-Fi (no card needed); computers with library card; outlets for charging,,Seattle Public Library – Hours & Locations | City of Seattle – Free Public Wi-Fi (Digital Equity Sites layer),https://www.spl.org/hours-and-locations | https://services.arcgis.com/ZOyb2t4B0UYuYNYH/arcgis/rest/services/DigitalEquitySites/FeatureServer/0,2026-10 | 2026-10
lb01,Seattle Public Library – Central Library,library,library;wifi;charging,False,True,True,"charging station with Android & Apple cables (free, no ID)",1000 4th Ave,Seattle,WA,47.606165,-122.332883,Public,Mon 10-6; Tue-Thu 10-8; Fri-Sun 10-6,206-386-4636,no,yes,Free Wi-Fi (no card needed); computers with library card; outlets for charging,,Seattle Public Library – Hours & Locations | SPL branch page | City of Seattle – Free Public Wi-Fi (Digital Equity Sites layer),https://www.spl.org/hours-and-locations | https://www.spl.org/hours-and-locations/central-library/central-library-amenities-and-equipment | https://services.arcgis.com/ZOyb2t4B0UYuYNYH/arcgis/rest/services/DigitalEquitySites/FeatureServer/0,2026-10 | 2026 | 2026-10
lb06,Seattle Public Library – Columbia Branch,library,library;wifi;charging,False,True,True,"charging station with Android & Apple cables (free, no ID)",4721 Rainier Ave S,Seattle,WA,47.560403,-122.286843,Public,Mon 10-6; Tue-Wed 12-8; Thu-Sun 10-6,206-386-1908,no,yes,Free Wi-Fi (no card needed); computers with library card; outlets for charging,,Seattle Public Library – Hours & Locations | SPL branch page | City of Seattle – Free Public Wi-Fi (Digital Equity Sites layer),https://www.spl.org/hours-and-locations | https://www.spl.org/hours-and-locations/columbia-branch/columbia-branch-amenities-and-equipment | https://services.arcgis.com/ZOyb2t4B0UYuYNYH/arcgis/rest/services/DigitalEquitySites/FeatureServer/0,2026-10 | 2026 | 2026-10
lb07,Seattle Public Library – Delridge Branch,library,library;wifi;charging,False,True,True,outlets (likely; confirm at desk),5423 Delridge Way SW,Seattle,WA,47.553476,-122.363053,Public,See spl.org (hours vary by branch),206-386-4636,no,yes,Free Wi-Fi (no card needed); computers with library card; outlets for charging,,Seattle Public Library – Hours & Locations | City of Seattle – Free Public Wi-Fi (Digital Equity Sites layer),https://www.spl.org/hours-and-locations | https://services.arcgis.com/ZOyb2t4B0UYuYNYH/arcgis/rest/services/DigitalEquitySites/FeatureServer/0,2026-10 | 2026-10
lb08,Seattle Public Library – Douglass-Truth Branch,library,library;wifi;charging,False,True,True,outlets (likely; confirm at desk),2300 E Yesler Way,Seattle,WA,47.601722,-122.30225,Public,See spl.org (hours vary by branch),206-386-4636,no,yes,Free Wi-Fi (no card needed); computers with library card; outlets for charging,,Seattle Public Library – Hours & Locations | City of Seattle – Free Public Wi-Fi (Digital Equity Sites layer),https://www.spl.org/hours-and-locations | https://services.arcgis.com/ZOyb2t4B0UYuYNYH/arcgis/rest/services/DigitalEquitySites/FeatureServer/0,2026-10 | 2026-10
lb09,Seattle Public Library – Fremont Branch,library,library;wifi;charging,False,True,True,outlets (likely; confirm at desk),731 N 35th St,Seattle,WA,47.650402,-122.349443,Public,See spl.org (hours vary by branch),206-386-4636,no,yes,Free Wi-Fi (no card needed); computers with library card; outlets for charging,,Seattle Public Library – Hours & Locations | City of Seattle – Free Public Wi-Fi (Digital Equity Sites layer),https://www.spl.org/hours-and-locations | https://services.arcgis.com/ZOyb2t4B0UYuYNYH/arcgis/rest/services/DigitalEquitySites/FeatureServer/0,2026-10 | 2026-10
lb10,Seattle Public Library – Green Lake Branch,library,library;wifi;charging,False,True,True,outlets (likely; confirm at desk),7364 E Green Lake Dr N,Seattle,WA,47.68122,-122.326681,Public,See spl.org (hours vary by branch),206-386-4636,no,yes,Free Wi-Fi (no card needed); computers with library card; outlets for charging,,Seattle Public Library – Hours & Locations | City of Seattle – Free Public Wi-Fi (Digital Equity Sites layer),https://www.spl.org/hours-and-locations | https://services.arcgis.com/ZOyb2t4B0UYuYNYH/arcgis/rest/services/DigitalEquitySites/FeatureServer/0,2026-10 | 2026-10
lb11,Seattle Public Library – Greenwood Branch,library,library;wifi;charging,False,True,True,outlets (likely; confirm at desk),8016 Greenwood Ave N,Seattle,WA,47.687097,-122.355216,Public,See spl.org (hours vary by branch),206-386-4636,no,yes,Free Wi-Fi (no card needed); computers with library card; outlets for charging,,Seattle Public Library – Hours & Locations | City of Seattle – Free Public Wi-Fi (Digital Equity Sites layer),https://www.spl.org/hours-and-locations | https://services.arcgis.com/ZOyb2t4B0UYuYNYH/arcgis/rest/services/DigitalEquitySites/FeatureServer/0,2026-10 | 2026-10
lb12,Seattle Public Library – High Point Branch,library,library;wifi;charging,False,True,True,outlets (likely; confirm at desk),3411 SW Raymond St,Seattle,WA,47.548261,-122.375762,Public,See spl.org (hours vary by branch),206-386-4636,no,yes,Free Wi-Fi (no card needed); computers with library card; outlets for charging,,Seattle Public Library – Hours & Locations | City of Seattle – Free Public Wi-Fi (Digital Equity Sites layer),https://www.spl.org/hours-and-locations | https://services.arcgis.com/ZOyb2t4B0UYuYNYH/arcgis/rest/services/DigitalEquitySites/FeatureServer/0,2026-10 | 2026-10
lb13,Seattle Public Library – International District/Chinatown Branch,library,library;wifi;charging,False,True,True,outlets (likely; confirm at desk),713 8th Ave S,Seattle,WA,47.596522,-122.322543,Public,See spl.org (hours vary by branch),206-386-4636,no,yes,Free Wi-Fi (no card needed); computers with library card; outlets for charging,,Seattle Public Library – Hours & Locations | City of Seattle – Free Public Wi-Fi (Digital Equity Sites layer),https://www.spl.org/hours-and-locations | https://services.arcgis.com/ZOyb2t4B0UYuYNYH/arcgis/rest/services/DigitalEquitySites/FeatureServer/0,2026-10 | 2026-10
lb14,Seattle Public Library – Lake City Branch,library,library;wifi;charging,False,True,True,outlets (likely; confirm at desk),12501 28th Ave NE,Seattle,WA,47.719346,-122.297789,Public,See spl.org (hours vary by branch),206-386-4636,no,yes,Free Wi-Fi (no card needed); computers with library card; outlets for charging,,Seattle Public Library – Hours & Locations | City of Seattle – Free Public Wi-Fi (Digital Equity Sites layer),https://www.spl.org/hours-and-locations | https://services.arcgis.com/ZOyb2t4B0UYuYNYH/arcgis/rest/services/DigitalEquitySites/FeatureServer/0,2026-10 | 2026-10
lb15,Seattle Public Library – Madrona-Sally Goldmark Branch,library,library;wifi;charging,False,True,True,outlets (likely; confirm at desk),1134 33rd Ave,Seattle,WA,47.611821,-122.290309,Public,See spl.org (hours vary by branch),206-386-4636,no,yes,Free Wi-Fi (no card needed); computers with library card; outlets for charging,,Seattle Public Library – Hours & Locations | City of Seattle – Free Public Wi-Fi (Digital Equity Sites layer),https://www.spl.org/hours-and-locations | https://services.arcgis.com/ZOyb2t4B0UYuYNYH/arcgis/rest/services/DigitalEquitySites/FeatureServer/0,2026-10 | 2026-10
lb16,Seattle Public Library – Magnolia Branch,library,library;wifi;charging,False,True,True,outlets (likely; confirm at desk),2801 34th Ave W,Seattle,WA,47.645061,-122.401031,Public,See spl.org (hours vary by branch),206-386-4636,no,yes,Free Wi-Fi (no card needed); computers with library card; outlets for charging,,Seattle Public Library – Hours & Locations | City of Seattle – Free Public Wi-Fi (Digital Equity Sites layer),https://www.spl.org/hours-and-locations | https://services.arcgis.com/ZOyb2t4B0UYuYNYH/arcgis/rest/services/DigitalEquitySites/FeatureServer/0,2026-10 | 2026-10
lb17,Seattle Public Library – Montlake Branch,library,library;wifi;charging,False,True,True,outlets (likely; confirm at desk),2401 24th Ave E,Seattle,WA,47.640315,-122.302158,Public,See spl.org (hours vary by branch),206-386-4636,no,yes,Free Wi-Fi (no card needed); computers with library card; outlets for charging,,Seattle Public Library – Hours & Locations | City of Seattle – Free Public Wi-Fi (Digital Equity Sites layer),https://www.spl.org/hours-and-locations | https://services.arcgis.com/ZOyb2t4B0UYuYNYH/arcgis/rest/services/DigitalEquitySites/FeatureServer/0,2026-10 | 2026-10
lb18,Seattle Public Library – NewHolly Branch,library,library;wifi;charging,False,True,True,outlets (likely; confirm at desk),7058 32nd Ave S,Seattle,WA,47.53935,-122.291044,Public,See spl.org (hours vary by branch),206-386-4636,no,yes,Free Wi-Fi (no card needed); computers with library card; outlets for charging,,Seattle Public Library – Hours & Locations | City of Seattle – Free Public Wi-Fi (Digital Equity Sites layer),https://www.spl.org/hours-and-locations | https://services.arcgis.com/ZOyb2t4B0UYuYNYH/arcgis/rest/services/DigitalEquitySites/FeatureServer/0,2026-10 | 2026-10
lb19,Seattle Public Library – Northeast Branch,library,library;wifi;charging,False,True,True,outlets (likely; confirm at desk),6801 35th Ave NE,Seattle,WA,47.677654,-122.290414,Public,See spl.org (hours vary by branch),206-386-4636,no,yes,Free Wi-Fi (no card needed); computers with library card; outlets for charging,,Seattle Public Library – Hours & Locations | City of Seattle – Free Public Wi-Fi (Digital Equity Sites layer),https://www.spl.org/hours-and-locations | https://services.arcgis.com/ZOyb2t4B0UYuYNYH/arcgis/rest/services/DigitalEquitySites/FeatureServer/0,2026-10 | 2026-10
lb20,Seattle Public Library – Northgate Branch,library,library;wifi;charging,False,True,True,"charging station with Android & Apple cables (free, no ID)",10548 5th Ave NE,Seattle,WA,47.706141,-122.32312,Public,Mon 10-6; Tue 10-8; Wed 12-8; Thu-Sun 10-6,206-386-1980,no,yes,Free Wi-Fi (no card needed); computers with library card; outlets for charging,,Seattle Public Library – Hours & Locations | SPL branch page | City of Seattle – Free Public Wi-Fi (Digital Equity Sites layer),https://www.spl.org/hours-and-locations | https://www.spl.org/hours-and-locations/northgate-branch/northgate-branch-amenities-and-equipment | https://services.arcgis.com/ZOyb2t4B0UYuYNYH/arcgis/rest/services/DigitalEquitySites/FeatureServer/0,2026-10 | 2026 | 2026-10
lb21,Seattle Public Library – Queen Anne Branch,library,library;wifi;charging,False,True,True,outlets (likely; confirm at desk),400 W Garfield St,Seattle,WA,47.633584,-122.362437,Public,See spl.org (hours vary by branch),206-386-4636,no,yes,Free Wi-Fi (no card needed); computers with library card; outlets for charging,,Seattle Public Library – Hours & Locations | City of Seattle – Free Public Wi-Fi (Digital Equity Sites layer),https://www.spl.org/hours-and-locations | https://services.arcgis.com/ZOyb2t4B0UYuYNYH/arcgis/rest/services/DigitalEquitySites/FeatureServer/0,2026-10 | 2026-10
lb22,Seattle Public Library – Rainier Beach Branch,library,library;wifi;charging,False,True,True,outlets (likely; confirm at desk),9125 Rainier Ave S,Seattle,WA,47.521352,-122.270085,Public,See spl.org (hours vary by branch),206-386-4636,no,yes,Free Wi-Fi (no card needed); computers with library card; outlets for charging,,Seattle Public Library – Hours & Locations | City of Seattle – Free Public Wi-Fi (Digital Equity Sites layer),https://www.spl.org/hours-and-locations | https://services.arcgis.com/ZOyb2t4B0UYuYNYH/arcgis/rest/services/DigitalEquitySites/FeatureServer/0,2026-10 | 2026-10
lb23,Seattle Public Library – South Park Branch,library,library;wifi;charging,False,True,True,outlets (likely; confirm at desk),8604 8th Ave S,Seattle,WA,47.526376,-122.322835,Public,See spl.org (hours vary by branch),206-386-4636,no,yes,Free Wi-Fi (no card needed); computers with library card; outlets for charging,,Seattle Public Library – Hours & Locations | City of Seattle – Free Public Wi-Fi (Digital Equity Sites layer),https://www.spl.org/hours-and-locations | https://services.arcgis.com/ZOyb2t4B0UYuYNYH/arcgis/rest/services/DigitalEquitySites/FeatureServer/0,2026-10 | 2026-10
lb24,Seattle Public Library – Southwest Branch,library,library;wifi;charging,False,True,True,outlets (likely; confirm at desk),9010 35th Ave SW,Seattle,WA,47.522716,-122.376622,Public,See spl.org (hours vary by branch),206-386-4636,no,yes,Free Wi-Fi (no card needed); computers with library card; outlets for charging,,Seattle Public Library – Hours & Locations | City of Seattle – Free Public Wi-Fi (Digital Equity Sites layer),https://www.spl.org/hours-and-locations | https://services.arcgis.com/ZOyb2t4B0UYuYNYH/arcgis/rest/services/DigitalEquitySites/FeatureServer/0,2026-10 | 2026-10
lb25,Seattle Public Library – University Branch,library,library;wifi;charging,False,True,True,outlets (likely; confirm at desk),5009 Roosevelt Way NE,Seattle,WA,47.66505,-122.317489,Public,See spl.org (hours vary by branch),206-386-4636,no,yes,Free Wi-Fi (no card needed); computers with library card; outlets for charging,,Seattle Public Library – Hours & Locations | City of Seattle – Free Public Wi-Fi (Digital Equity Sites layer),https://www.spl.org/hours-and-locations | https://services.arcgis.com/ZOyb2t4B0UYuYNYH/arcgis/rest/services/DigitalEquitySites/FeatureServer/0,2026-10 | 2026-10
lb26,Seattle Public Library – Wallingford Branch,library,library;wifi;charging,False,True,True,outlets (likely; confirm at desk),1501 N 45th St,Seattle,WA,47.661329,-122.33909,Public,See spl.org (hours vary by branch),206-386-4636,no,yes,Free Wi-Fi (no card needed); computers with library card; outlets for charging,,Seattle Public Library – Hours & Locations | City of Seattle – Free Public Wi-Fi (Digital Equity Sites layer),https://www.spl.org/hours-and-locations | https://services.arcgis.com/ZOyb2t4B0UYuYNYH/arcgis/rest/services/DigitalEquitySites/FeatureServer/0,2026-10 | 2026-10
lb27,Seattle Public Library – West Seattle Branch,library,library;wifi;charging,False,True,True,"charging station with Android & Apple cables (free, no ID)",2306 42nd Ave SW,Seattle,WA,47.582901,-122.385022,Public,CLOSED Aug 9 through early Nov 2026 (HVAC),206-684-7444,no,yes,Free Wi-Fi (no card needed); computers with library card; outlets for charging,Temporarily closed Aug 9 – early Nov 2026,Seattle Public Library – Hours & Locations | SPL branch page | City of Seattle – Free Public Wi-Fi (Digital Equity Sites layer),https://www.spl.org/hours-and-locations | https://www.spl.org/hours-and-locations/west-seattle-branch/west-seattle-branch-amenities-and-equipment | https://services.arcgis.com/ZOyb2t4B0UYuYNYH/arcgis/rest/services/DigitalEquitySites/FeatureServer/0,2026-10 | 2026 | 2026-10
wf10,Alki Community Center,wifi,wifi;charging,False,True,True,outlets (likely; confirm at front desk),5817 SW Stevens St,Seattle,WA,47.577303,-122.4074,Public,Building hours,206-684-7430,,,Computers available. Wi-Fi inside the building. ,,City of Seattle – Free Public Wi-Fi (Digital Equity Sites layer),https://services.arcgis.com/ZOyb2t4B0UYuYNYH/arcgis/rest/services/DigitalEquitySites/FeatureServer/0,2026-10
wf26,Arts at King Street Station,wifi,wifi,False,True,False,,303 S Jackson St,Seattle,WA,47.598708,-122.329895,Public,Building hours,206-684-7171,,,"Computers available. Wi-Fi inside the building. Inside Arts spaces, not Amtrak lobby",,City of Seattle – Free Public Wi-Fi (Digital Equity Sites layer),https://services.arcgis.com/ZOyb2t4B0UYuYNYH/arcgis/rest/services/DigitalEquitySites/FeatureServer/0,2026-10
wf19,Ballard Community Center,wifi,wifi;charging,False,True,True,outlets (likely; confirm at front desk),6020 28th Ave NW,Seattle,WA,47.672946,-122.392279,Public,Building hours,206-684-4093,,,Computers available. Wi-Fi inside the building. ,,City of Seattle – Free Public Wi-Fi (Digital Equity Sites layer),https://services.arcgis.com/ZOyb2t4B0UYuYNYH/arcgis/rest/services/DigitalEquitySites/FeatureServer/0,2026-10
wf05,Bitter Lake Community Center,wifi,wifi;charging,False,True,True,outlets (likely; confirm at front desk),13035 Linden Ave N,Seattle,WA,47.724056,-122.348632,Public,Building hours,206-684-7524,,,Computers available. Wi-Fi inside the building. ,,City of Seattle – Free Public Wi-Fi (Digital Equity Sites layer),https://services.arcgis.com/ZOyb2t4B0UYuYNYH/arcgis/rest/services/DigitalEquitySites/FeatureServer/0,2026-10
wf20,Dakota Place Park Building,wifi,wifi,False,True,False,,4304 SW Dakota St,Seattle,WA,47.566769,-122.387033,Public,Building hours,206-684-4080,,,Wi-Fi inside the building. ,,City of Seattle – Free Public Wi-Fi (Digital Equity Sites layer),https://services.arcgis.com/ZOyb2t4B0UYuYNYH/arcgis/rest/services/DigitalEquitySites/FeatureServer/0,2026-10
wf17,Garfield Community Center,wifi,wifi;charging,False,True,True,outlets (likely; confirm at front desk),2323 E Cherry St,Seattle,WA,47.607755,-122.302249,Public,Building hours,206-684-4788,,,Computers available. Wi-Fi inside the building. ,,City of Seattle – Free Public Wi-Fi (Digital Equity Sites layer),https://services.arcgis.com/ZOyb2t4B0UYuYNYH/arcgis/rest/services/DigitalEquitySites/FeatureServer/0,2026-10
wf14,Garfield Teen Life Center,wifi,wifi;charging,False,True,True,outlets (likely; confirm at front desk),428 23rd Ave,Seattle,WA,47.605989,-122.301293,Public,Building hours,206-684-4550,,,Wi-Fi inside the building. ,,City of Seattle – Free Public Wi-Fi (Digital Equity Sites layer),https://services.arcgis.com/ZOyb2t4B0UYuYNYH/arcgis/rest/services/DigitalEquitySites/FeatureServer/0,2026-10
wf22,Hiawatha Community Center,wifi,wifi;charging,False,True,True,outlets (likely; confirm at front desk),2700 California Ave SW,Seattle,WA,47.578161,-122.384385,Public,Building hours,206-684-7441,,,Computers available. Wi-Fi inside the building. ,,City of Seattle – Free Public Wi-Fi (Digital Equity Sites layer),https://services.arcgis.com/ZOyb2t4B0UYuYNYH/arcgis/rest/services/DigitalEquitySites/FeatureServer/0,2026-10
wf15,High Point Community Center,wifi,wifi;charging,False,True,True,outlets (likely; confirm at front desk),6920 34th Ave SW,Seattle,WA,47.540668,-122.374414,Public,Building hours,206-684-7422,,,Computers available. Wi-Fi inside the building. ,,City of Seattle – Free Public Wi-Fi (Digital Equity Sites layer),https://services.arcgis.com/ZOyb2t4B0UYuYNYH/arcgis/rest/services/DigitalEquitySites/FeatureServer/0,2026-10
wf02,International District Community Center,wifi,wifi;charging,False,True,True,outlets (likely; confirm at front desk),719 8th Ave S,Seattle,WA,47.596249,-122.322834,Public,Building hours,206-233-0042,,,Computers available. Wi-Fi inside the building. ,,City of Seattle – Free Public Wi-Fi (Digital Equity Sites layer),https://services.arcgis.com/ZOyb2t4B0UYuYNYH/arcgis/rest/services/DigitalEquitySites/FeatureServer/0,2026-10
wf11,Jefferson Community Center,wifi,wifi;charging,False,True,True,outlets (likely; confirm at front desk),3801 Beacon Ave S,Seattle,WA,47.569779,-122.308089,Public,Building hours,206-684-7481,,,Computers available. Wi-Fi inside the building. ,,City of Seattle – Free Public Wi-Fi (Digital Equity Sites layer),https://services.arcgis.com/ZOyb2t4B0UYuYNYH/arcgis/rest/services/DigitalEquitySites/FeatureServer/0,2026-10
wf25,Justice Center,wifi,wifi,False,True,False,,600 5th Ave,Seattle,WA,47.604206,-122.329189,Public,Building hours,206-684-5600,,,Wi-Fi inside the building. ,,City of Seattle – Free Public Wi-Fi (Digital Equity Sites layer),https://services.arcgis.com/ZOyb2t4B0UYuYNYH/arcgis/rest/services/DigitalEquitySites/FeatureServer/0,2026-10
wf28,King County Administration Building,wifi,wifi,False,True,False,,500 4th Ave,Seattle,WA,47.602901,-122.329272,Public,Building hours,206-296-0100,,,Computers available. Wi-Fi reaches outside the building. WiFi in courtyard,,City of Seattle – Free Public Wi-Fi (Digital Equity Sites layer),https://services.arcgis.com/ZOyb2t4B0UYuYNYH/arcgis/rest/services/DigitalEquitySites/FeatureServer/0,2026-10
wf09,Laurelhurst Community Center,wifi,wifi;charging,False,True,True,outlets (likely; confirm at front desk),4554 NE 41st St,Seattle,WA,47.659148,-122.277928,Public,Building hours,206-684-7529,,,Computers available. Wi-Fi inside the building. ,,City of Seattle – Free Public Wi-Fi (Digital Equity Sites layer),https://services.arcgis.com/ZOyb2t4B0UYuYNYH/arcgis/rest/services/DigitalEquitySites/FeatureServer/0,2026-10
wf24,Loyal Heights Community Center,wifi,wifi;charging,False,True,True,outlets (likely; confirm at front desk),2101 NW 77th St,Seattle,WA,47.684746,-122.382572,Public,Building hours,206-684-4052,,,Computers available. Wi-Fi inside the building. ,,City of Seattle – Free Public Wi-Fi (Digital Equity Sites layer),https://services.arcgis.com/ZOyb2t4B0UYuYNYH/arcgis/rest/services/DigitalEquitySites/FeatureServer/0,2026-10
wf04,Magnolia Community Center,wifi,wifi;charging,False,True,True,outlets (likely; confirm at front desk),2550 34th Ave W,Seattle,WA,47.643421,-122.399698,Public,Building hours,206-386-4235,,,Computers available. Wi-Fi inside the building. ,,City of Seattle – Free Public Wi-Fi (Digital Equity Sites layer),https://services.arcgis.com/ZOyb2t4B0UYuYNYH/arcgis/rest/services/DigitalEquitySites/FeatureServer/0,2026-10
wf01,Magnuson Community Center,wifi,wifi;charging,False,True,True,outlets (likely; confirm at front desk),7110 62nd Ave NE,Seattle,WA,47.680576,-122.261548,Public,Building hours,206-684-7026,,,Computers available. Wi-Fi inside the building. ,,City of Seattle – Free Public Wi-Fi (Digital Equity Sites layer),https://services.arcgis.com/ZOyb2t4B0UYuYNYH/arcgis/rest/services/DigitalEquitySites/FeatureServer/0,2026-10
wf07,Montlake Community Center,wifi,wifi;charging,False,True,True,outlets (likely; confirm at front desk),1618 E Calhoun St,Seattle,WA,47.641703,-122.309954,Public,Building hours,206-684-4736,,,Computers available. Wi-Fi inside the building. ,,City of Seattle – Free Public Wi-Fi (Digital Equity Sites layer),https://services.arcgis.com/ZOyb2t4B0UYuYNYH/arcgis/rest/services/DigitalEquitySites/FeatureServer/0,2026-10
wf06,Northgate Community Center,wifi,wifi;charging,False,True,True,outlets (likely; confirm at front desk),10510 5th Ave NE,Seattle,WA,47.705415,-122.322316,Public,Building hours,206-386-4283,,,Computers available. Wi-Fi inside the building. ,,City of Seattle – Free Public Wi-Fi (Digital Equity Sites layer),https://services.arcgis.com/ZOyb2t4B0UYuYNYH/arcgis/rest/services/DigitalEquitySites/FeatureServer/0,2026-10
wf08,Queen Anne Community Center,wifi,wifi;charging,False,True,True,outlets (likely; confirm at front desk),1901 1st Ave W,Seattle,WA,47.636288,-122.359223,Public,Building hours,206-386-4240,,,Computers available. Wi-Fi inside the building. ,,City of Seattle – Free Public Wi-Fi (Digital Equity Sites layer),https://services.arcgis.com/ZOyb2t4B0UYuYNYH/arcgis/rest/services/DigitalEquitySites/FeatureServer/0,2026-10
wf16,Rainier Beach Community Center,wifi,wifi;charging,False,True,True,outlets (likely; confirm at front desk),8825 Rainier Ave S,Seattle,WA,47.524388,-122.270603,Public,Building hours,206-386-1925,,,Wi-Fi inside the building. ,,City of Seattle – Free Public Wi-Fi (Digital Equity Sites layer),https://services.arcgis.com/ZOyb2t4B0UYuYNYH/arcgis/rest/services/DigitalEquitySites/FeatureServer/0,2026-10
wf13,Ravenna-Eckstein Community Center,wifi,wifi;charging,False,True,True,outlets (likely; confirm at front desk),6535 Ravenna Ave NE,Seattle,WA,47.676918,-122.30431,Public,Building hours,206-684-7534,,,Computers available. Wi-Fi inside the building. ,,City of Seattle – Free Public Wi-Fi (Digital Equity Sites layer),https://services.arcgis.com/ZOyb2t4B0UYuYNYH/arcgis/rest/services/DigitalEquitySites/FeatureServer/0,2026-10
wf27,Seattle Center Armory Building,wifi,wifi,False,True,False,,305 Harrison St,Seattle,WA,47.621412,-122.350858,Public,Building hours,206-684-7200,,,Computers available. Wi-Fi reaches outside the building. WiFi in Armory and near Flag Pavillion,,City of Seattle – Free Public Wi-Fi (Digital Equity Sites layer),https://services.arcgis.com/ZOyb2t4B0UYuYNYH/arcgis/rest/services/DigitalEquitySites/FeatureServer/0,2026-10
wf03,Seattle City Hall,wifi,wifi,False,True,False,,600 4th Ave,Seattle,WA,47.603774,-122.329707,Public,Building hours,206-684-7800,,,Computers available. Wi-Fi reaches outside the building. WiFi in plaza on west side.,,City of Seattle – Free Public Wi-Fi (Digital Equity Sites layer),https://services.arcgis.com/ZOyb2t4B0UYuYNYH/arcgis/rest/services/DigitalEquitySites/FeatureServer/0,2026-10
wf23,South Park Community Center,wifi,wifi;charging,False,True,True,outlets (likely; confirm at front desk),8319 8th Ave S,Seattle,WA,47.528325,-122.324306,Public,Building hours,206-684-7451,,,Wi-Fi inside the building. ,,City of Seattle – Free Public Wi-Fi (Digital Equity Sites layer),https://services.arcgis.com/ZOyb2t4B0UYuYNYH/arcgis/rest/services/DigitalEquitySites/FeatureServer/0,2026-10
wf18,Southwest Teen Life Center,wifi,wifi;charging,False,True,True,outlets (likely; confirm at front desk),2801 SW Thistle St,Seattle,WA,47.528006,-122.369178,Public,Building hours,206-684-7438,,,Wi-Fi inside the building. ,,City of Seattle – Free Public Wi-Fi (Digital Equity Sites layer),https://services.arcgis.com/ZOyb2t4B0UYuYNYH/arcgis/rest/services/DigitalEquitySites/FeatureServer/0,2026-10
wf12,Van Asselt Community Center,wifi,wifi;charging,False,True,True,outlets (likely; confirm at front desk),2820 S Myrtle St,Seattle,WA,47.539392,-122.295356,Public,Building hours,206-386-1921,,,Computers available. Wi-Fi inside the building. ,,City of Seattle – Free Public Wi-Fi (Digital Equity Sites layer),https://services.arcgis.com/ZOyb2t4B0UYuYNYH/arcgis/rest/services/DigitalEquitySites/FeatureServer/0,2026-10
wf21,Yesler Community Center,wifi,wifi;charging,False,True,True,outlets (likely; confirm at front desk),917 E Yesler Way,Seattle,WA,47.601531,-122.319865,Public,Building hours,206-386-1245,,,Wi-Fi inside the building. ,,City of Seattle – Free Public Wi-Fi (Digital Equity Sites layer),https://services.arcgis.com/ZOyb2t4B0UYuYNYH/arcgis/rest/services/DigitalEquitySites/FeatureServer/0,2026-10
